1789646417.301	event-wait	axi-c830a0d5-f964dffc	settled	received	
1789646417.507	event-wait	axi-c830a0d5-f964dffc	settled	suppressed	no-completion-proof
1789646424.990	event-wait	axi-c830a0d5-f964dffc	settled	received	
1789646425.138	event-wait	axi-c830a0d5-f964dffc	settled	delivered	delivered
1789646448.075	render	axi-c830a0d5-f964dffc	settled	received	
---
1789647391.889	event-wait	axi-c830a0d5-3dd96693	settled	received	
1789647392.034	event-wait	axi-c830a0d5-3dd96693	settled	suppressed	no-completion-proof
1789647403.331	event-wait	axi-c830a0d5-3dd96693	settled	received	
1789647403.490	event-wait	axi-c830a0d5-3dd96693	settled	delivered	delivered
1789647428.029	render	axi-c830a0d5-3dd96693	settled	received	
---
1789647878.265	event-wait	axi-c830a0d5-7939adb5	settled	received	
1789647878.394	event-wait	axi-c830a0d5-7939adb5	settled	suppressed	no-completion-proof
1789647881.760	event-wait	axi-c830a0d5-7939adb5	input	received	
1789647881.864	event-wait	axi-c830a0d5-7939adb5	input	delivered	delivered
